"Issue Type","Summary","Description","Priority","Sprint","Epic Link","Labels","Original Estimate","Assignee"
"Task","TASK-01 Esquema de base de datos y migraciones Alembic","Como desarrollador, quiero el esquema relacional de las siete entidades versionado en Alembic, para que el resto del backend tenga sobre que construir.

Criterios de aceptacion (Gherkin):
- Dado el repositorio limpio, cuando ejecuto 'alembic upgrade head', entonces se crean las siete entidades de la seccion 8.1 del SRS sin error
- Dado el esquema aplicado, cuando inspecciono pedidos_transito, entonces existen los campos de la seccion 8.2 con sus tipos
- Dado el esquema aplicado, cuando ejecuto 'alembic downgrade base', entonces la base queda vacia sin error

Definition of Done:
- Codigo con pruebas unitarias (cobertura minima 70%)
- Documentacion tecnica actualizada
- Revision con supervisor (Greivin) cuando aplique
- Merge a rama principal sin errores de CI

Origen en el SRS: SRS 8.1-8.5
MoSCoW: Must","Highest","Sprint 3","OE4-Persistencia","backend,persistencia,fundacional","10h","mamayorga"
"Task","TASK-02 Habilitar PostGIS y columna geometrica WGS 84","Como desarrollador, quiero PostGIS habilitado y la posicion almacenada como geometry(Point,4326), para poder calcular distancias con operadores nativos.

Criterios de aceptacion (Gherkin):
- Dado PostgreSQL 16, cuando ejecuto la migracion, entonces la extension postgis queda instalada
- Dado elementos_rastreados, cuando consulto posicion_actual, entonces su tipo es geometry(Point,4326)
- Dadas dos posiciones conocidas, cuando aplico ST_Distance sobre geography, entonces la distancia en metros coincide con el valor esperado con margen del 1%

Definition of Done:
- Codigo con pruebas unitarias (cobertura minima 70%)
- Documentacion tecnica actualizada
- Revision con supervisor (Greivin) cuando aplique
- Merge a rama principal sin errores de CI

Origen en el SRS: SRS 8.6 / RNF-20
MoSCoW: Must","Highest","Sprint 3","OE4-Persistencia","backend,persistencia,postgis","4h","mamayorga"
"Task","TASK-03 Adaptador de ingesta de pedidos con datos semilla","Como desarrollador, quiero una interfaz de ingesta con una implementacion de datos semilla, para desarrollar y demostrar el sistema sin depender del servicio de SAP.

Criterios de aceptacion (Gherkin):
- Dado que no existe el servicio de SAP, cuando arranco el sistema con el perfil de desarrollo, entonces se cargan pedidos semilla que cubren via maritima, via aerea y un caso sin identificador de rastreo
- Dada la interfaz de ingesta, cuando se implemente el adaptador de SAP, entonces no requiere cambios en el motor de calculo ni en la API REST
- Dado el perfil de produccion, cuando no hay adaptador configurado, entonces el sistema arranca y lo reporta en el healthcheck

Definition of Done:
- Codigo con pruebas unitarias (cobertura minima 70%)
- Documentacion tecnica actualizada
- Revision con supervisor (Greivin) cuando aplique
- Merge a rama principal sin errores de CI

Origen en el SRS: Habilitador de RF-01
MoSCoW: Must","Highest","Sprint 3","OE2-Backend","backend,ingesta,riesgo-sap","8h","mamayorga"
"Story","US-01 Asociar un identificador de rastreo externo a un pedido","Como usuario de Logistica, quiero asociar a cada pedido su identificador de rastreo, para que el sistema pueda seguirlo automaticamente.

Criterios de aceptacion (Gherkin):
- Dado un pedido sin identificador, cuando registro un MMSI valido de nueve digitos, entonces el pedido queda habilitado para rastreo automatico
- Dado un pedido sin identificador, cuando consulto su estado, entonces es 'Sin tracking' conforme a RN-02
- Dado un tipo de identificador no soportado por ninguna API, cuando lo registro, entonces el sistema lo acepta y advierte que el pedido no sera rastreable automaticamente

Definition of Done:
- Codigo con pruebas unitarias (cobertura minima 70%)
- Documentacion tecnica actualizada
- Revision con supervisor (Greivin) cuando aplique
- Merge a rama principal sin errores de CI

Origen en el SRS: RF-03
MoSCoW: Must","Highest","Sprint 3","OE2-Backend","backend,tracking","6h","mamayorga"
"Story","US-02 Consumir posiciones AIS desde AISStream por WebSocket","Como sistema, quiero mantener una suscripcion WebSocket a AISStream, para recibir las posiciones de los buques asociados a pedidos activos.

Criterios de aceptacion (Gherkin):
- Dada una clave de API valida, cuando abro la conexion y envio la suscripcion, entonces recibo mensajes PositionReport y los persisto
- Dado un mensaje ShipStaticData, cuando lo proceso, entonces persisto IMO, nombre y destino por separado de la posicion
- Dada una conexion establecida, cuando el socket se cae, entonces reconecto con backoff exponencial de 1s con techo de 60s
- Dado el cierre de la conexion, cuando termino la suscripcion, entonces aborto el transporte sin esperar el close negociado

Definition of Done:
- Codigo con pruebas unitarias (cobertura minima 70%)
- Documentacion tecnica actualizada
- Revision con supervisor (Greivin) cuando aplique
- Merge a rama principal sin errores de CI

Origen en el SRS: RF-06
MoSCoW: Must","Highest","Sprint 3","OE2-Backend","backend,aisstream,riesgo-externo","16h","mamayorga"
"Story","US-03 Tolerar la caida de una API externa sin degradar el dashboard","Como sistema, quiero una politica de reintentos y un watchdog de conexion, para que la indisponibilidad de una fuente externa no afecte la consulta del usuario.

Criterios de aceptacion (Gherkin):
- Dada una API que no responde, cuando falla la consulta, entonces registro el error y conservo la ultima posicion valida con su antiguedad
- Dada una suscripcion AIS a una zona sin trafico, cuando pasan minutos sin mensajes, entonces el watchdog NO reconecta, porque se apoya en el ping/pong del protocolo y no en la ausencia de datos
- Dado un cierre inmediato tras conectar, cuando ocurre, entonces lo clasifico como problema de credencial y no reintento en bucle cerrado
- Dada una API caida, cuando consulto el dashboard, entonces responde con los ultimos datos conocidos

Definition of Done:
- Codigo con pruebas unitarias (cobertura minima 70%)
- Documentacion tecnica actualizada
- Revision con supervisor (Greivin) cuando aplique
- Merge a rama principal sin errores de CI

Origen en el SRS: RF-09 / RNF-12
MoSCoW: Must","Highest","Sprint 3","OE2-Backend","backend,resiliencia","8h","mamayorga"
"Story","US-04 Registrar el historial de posiciones con el payload original","Como usuario de Logistica, quiero que cada lectura de API quede registrada con su respuesta completa, para poder auditar y reconstruir el trayecto.

Criterios de aceptacion (Gherkin):
- Dada una lectura valida, cuando la proceso, entonces inserto un registro en historial_tracking con fecha, coordenadas, velocidad, rumbo, estado crudo y payload en JSONB
- Dado un registro del historial, cuando intento modificarlo, entonces la operacion se rechaza por ser inmutable
- Dado un volumen alto de mensajes, cuando aplico el submuestreo configurado, entonces persisto como maximo una posicion por elemento rastreado por intervalo

Definition of Done:
- Codigo con pruebas unitarias (cobertura minima 70%)
- Documentacion tecnica actualizada
- Revision con supervisor (Greivin) cuando aplique
- Merge a rama principal sin errores de CI

Origen en el SRS: RF-21 / RNF-13
MoSCoW: Must","Highest","Sprint 3","OE4-Persistencia","backend,persistencia,auditoria","8h","mamayorga"
"Story","US-05 Consumir posiciones ADS-B desde OpenSky con OAuth2","Como sistema, quiero autenticarme con OAuth2 y consultar OpenSky, para obtener la posicion de las aeronaves de los pedidos aereos.

Criterios de aceptacion (Gherkin):
- Dadas credenciales validas, cuando solicito el token, entonces lo obtengo y lo renuevo proactivamente al 80% de su TTL de 1800 s
- Dado un bounding box, cuando consulto /states/all, entonces extraigo latitud, longitud, altitud, velocidad y rumbo de cada aeronave
- Dada una respuesta sin aeronaves, cuando la deserializo, entonces normalizo 'states: null' a lista vacia sin lanzar excepcion
- Dada cualquier respuesta, cuando la recibo, entonces registro el valor de x-rate-limit-remaining

Definition of Done:
- Codigo con pruebas unitarias (cobertura minima 70%)
- Documentacion tecnica actualizada
- Revision con supervisor (Greivin) cuando aplique
- Merge a rama principal sin errores de CI

Origen en el SRS: RF-07
MoSCoW: Must","Highest","Sprint 4","OE2-Backend","backend,opensky","10h","mamayorga"
"Story","US-06 Resolver el icao24 de un vuelo como vinculo temporal del tramo","Como sistema, quiero resolver el icao24 a partir del callsign y la fecha en cada tramo, para no seguir una aeronave que ya vuela hacia otro destino con otra carga.

Criterios de aceptacion (Gherkin):
- Dado un pedido aereo, cuando resuelvo su aeronave, entonces guardo el icao24 asociado al tramo y no como atributo fijo del pedido
- Dada una aeronave que cambio de vuelo, cuando finaliza el tramo, entonces el vinculo queda cerrado y no se sigue consultando
- Dado un callsign nulo en la lectura, cuando lo proceso, entonces uso el icao24 como identificador estable y reintento el callsign en la siguiente lectura

Definition of Done:
- Codigo con pruebas unitarias (cobertura minima 70%)
- Documentacion tecnica actualizada
- Revision con supervisor (Greivin) cuando aplique
- Merge a rama principal sin errores de CI

Origen en el SRS: RF-07 / spike TG-11
MoSCoW: Must","Highest","Sprint 4","OE2-Backend","backend,opensky","8h","mamayorga"
"Story","US-07 Planificar las consultas periodicas con frecuencia parametrizable","Como administrador, quiero configurar la frecuencia de consulta por via de transporte, para ajustar el consumo de cuota sin tocar el codigo.

Criterios de aceptacion (Gherkin):
- Dado el parametro de frecuencia aerea, cuando lo modifico, entonces el planificador aplica el nuevo intervalo sin reiniciar el servicio
- Dado el rastreo aereo por ventana activa, cuando estoy dentro de la ventana, entonces consulto al intervalo configurado y fuera de ella suspendo el sondeo
- Dado el rastreo maritimo, cuando lo configuro, entonces se gestiona como suscripcion persistente y no como sondeo periodico
- Dada la cuota diaria, cuando el consumo proyectado la excederia, entonces el planificador lo advierte en el log

Definition of Done:
- Codigo con pruebas unitarias (cobertura minima 70%)
- Documentacion tecnica actualizada
- Revision con supervisor (Greivin) cuando aplique
- Merge a rama principal sin errores de CI

Origen en el SRS: RF-08 (reformulado)
MoSCoW: Must","Highest","Sprint 4","OE2-Backend","backend,scheduler","8h","mamayorga"
"Story","US-08 Estimar la ETA a partir de la posicion y la velocidad del buque","Como usuario de Compras, quiero que el sistema estime la ETA desde la posicion actual, para no depender del campo de texto libre que declara la tripulacion.

Criterios de aceptacion (Gherkin):
- Dada una posicion y una velocidad sobre tierra, cuando calculo la ETA, entonces uso la distancia PostGIS al destino dividida por la velocidad
- Dada una velocidad menor al minimo configurado, cuando calculo la ETA, entonces no la estimo y marco el pedido como 'ETA no estimable'
- Dada una ETA declarada por la fuente, cuando existe y es coherente, entonces registro ambas y la calculada es la que alimenta RN-01
- Dado el calculo, cuando lo consulto, entonces expone la distancia, la velocidad y la hora usadas para poder auditarlo

Definition of Done:
- Codigo con pruebas unitarias (cobertura minima 70%)
- Documentacion tecnica actualizada
- Revision con supervisor (Greivin) cuando aplique
- Merge a rama principal sin errores de CI

Origen en el SRS: RN-16 (nueva, Greivin)
MoSCoW: Must","Highest","Sprint 4","OE2-Backend","backend,calculo,regla-nueva","12h","mamayorga"
"Story","US-09 Calcular la fecha proyectada de disponibilidad","Como usuario de Planificacion, quiero la fecha proyectada de disponibilidad de cada pedido, para usarla como insumo del calculo de necesidades de materiales.

Criterios de aceptacion (Gherkin):
- Dado un pedido con ETA y destino con lead time, cuando ejecuto el calculo, entonces obtengo ETA mas lead time mas ajuste manual conforme a RN-01
- Dado un pedido con ATA confirmada, cuando calculo, entonces la ATA tiene precedencia sobre la ETA conforme a RN-14
- Dado un destino sin lead time definido, cuando calculo, entonces no produzco fecha proyectada y lo senalo

Definition of Done:
- Codigo con pruebas unitarias (cobertura minima 70%)
- Documentacion tecnica actualizada
- Revision con supervisor (Greivin) cuando aplique
- Merge a rama principal sin errores de CI

Origen en el SRS: RF-10 / RN-01
MoSCoW: Must","Highest","Sprint 4","OE2-Backend","backend,calculo","6h","mamayorga"
"Story","US-10 Determinar el estado logistico bajo el esquema de semaforo","Como usuario de Compras, quiero que cada pedido tenga su estado calculado automaticamente, para detectar de un vistazo cuales exigen atencion.

Criterios de aceptacion (Gherkin):
- Dado un pedido sin identificador, cuando evaluo su estado, entonces es 'Sin tracking' en gris
- Dada una fecha proyectada anterior o igual a la comprometida, cuando evaluo, entonces el estado es 'A tiempo' en verde
- Dada una fecha proyectada dentro del umbral de 48 h, cuando evaluo, entonces el estado es 'En riesgo' en naranja
- Dada una fecha proyectada posterior a la comprometida, cuando evaluo, entonces el estado es 'Retrasado' en rojo
- Dado el umbral de 48 h, cuando lo modifico en la tabla de parametros, entonces el recalculo lo aplica sin desplegar codigo

Definition of Done:
- Codigo con pruebas unitarias (cobertura minima 70%)
- Documentacion tecnica actualizada
- Revision con supervisor (Greivin) cuando aplique
- Merge a rama principal sin errores de CI

Origen en el SRS: RF-11 / RN-02 a RN-11
MoSCoW: Must","Highest","Sprint 4","OE2-Backend","backend,calculo,nucleo","12h","mamayorga"
"Story","US-11 Inferir el arribo a destino por geocerca de proximidad","Como usuario de Logistica, quiero que el sistema asuma el arribo cuando el buque entra en el radio del puerto, para no depender de que la fuente externa reporte la llegada.

Criterios de aceptacion (Gherkin):
- Dado un buque a menos del radio configurado (50 km por defecto) del destino, cuando evaluo su estado, entonces lo clasifico como 'En destino' conforme a RN-05
- Dado un buque dentro del radio pero con velocidad superior al umbral configurado, cuando evaluo, entonces NO lo doy por arribado, para descartar el trafico en transito hacia el Canal de Panama
- Dado el radio y el umbral de velocidad, cuando los modifico en la tabla de parametros, entonces se aplican sin desplegar codigo
- Dado un arribo inferido, cuando lo registro, entonces queda marcado como inferido y no como confirmado por la fuente

Definition of Done:
- Codigo con pruebas unitarias (cobertura minima 70%)
- Documentacion tecnica actualizada
- Revision con supervisor (Greivin) cuando aplique
- Merge a rama principal sin errores de CI

Origen en el SRS: RN-05 (revisada, Greivin)
MoSCoW: Must","Highest","Sprint 4","OE2-Backend","backend,calculo,regla-nueva","8h","mamayorga"
"Story","US-12 Recalcular fecha y estado ante cualquier cambio de insumo","Como sistema, quiero recalcular automaticamente cuando cambie un insumo, para que el dashboard nunca muestre un estado obsoleto.

Criterios de aceptacion (Gherkin):
- Dada una nueva lectura de ETA, cuando la persisto, entonces se recalculan fecha proyectada y estado del pedido
- Dado un cambio de lead time en el maestro de destinos, cuando lo guardo, entonces se recalculan todos los pedidos activos de ese destino
- Dado un fallo al recalcular un pedido, cuando ocurre, entonces los demas pedidos se recalculan igual conforme a RNF-14

Definition of Done:
- Codigo con pruebas unitarias (cobertura minima 70%)
- Documentacion tecnica actualizada
- Revision con supervisor (Greivin) cuando aplique
- Merge a rama principal sin errores de CI

Origen en el SRS: RF-12
MoSCoW: Must","Highest","Sprint 5","OE2-Backend","backend,calculo","8h","mamayorga"
"Story","US-13 Mantener el maestro de destinos y sus lead times","Como usuario de Logistica, quiero administrar los destinos y su lead time en dias, para que la fecha proyectada refleje la realidad de cada puerto.

Criterios de aceptacion (Gherkin):
- Dado un destino nuevo, cuando lo creo con via y lead time, entonces queda disponible para asociarse a pedidos
- Dado un lead time negativo o no numerico, cuando intento guardarlo, entonces el sistema lo rechaza e informa el formato esperado
- Dado un destino con pedidos activos, cuando intento desactivarlo, entonces el sistema advierte del impacto y pide confirmacion
- Dado un destino duplicado en nombre y via, cuando intento crearlo, entonces el sistema impide la duplicacion

Definition of Done:
- Codigo con pruebas unitarias (cobertura minima 70%)
- Documentacion tecnica actualizada
- Revision con supervisor (Greivin) cuando aplique
- Merge a rama principal sin errores de CI

Origen en el SRS: RF-23 / CU-06
MoSCoW: Must","Highest","Sprint 5","OE2-Backend","backend,maestros","10h","mamayorga"
"Story","US-14 Confirmar manualmente el desembarco de un pedido","Como usuario de Logistica, quiero registrar la llegada real de la carga, para corregir al sistema cuando la fuente automatica no la reporta.

Criterios de aceptacion (Gherkin):
- Dado un pedido no terminal, cuando registro la ATA con motivo, entonces la ATA prevalece sobre la ETA de la API conforme a RN-14
- Dada una fecha futura, cuando intento confirmarla, entonces el sistema la rechaza
- Dado un pedido con ATA ya confirmada, cuando la sobrescribo, entonces el sistema advierte y exige confirmacion explicita
- Dada la confirmacion, cuando se registra, entonces se recalculan fecha y estado y queda auditada

Definition of Done:
- Codigo con pruebas unitarias (cobertura minima 70%)
- Documentacion tecnica actualizada
- Revision con supervisor (Greivin) cuando aplique
- Merge a rama principal sin errores de CI

Origen en el SRS: RF-13 / CU-05
MoSCoW: Should","High","Sprint 5","OE2-Backend","backend,manual","8h","mamayorga"
"Story","US-15 Auditar toda intervencion manual sobre un pedido","Como supervisor, quiero la traza de cada cambio manual, para saber quien alteró un dato calculado y por que.

Criterios de aceptacion (Gherkin):
- Dada una intervencion manual, cuando se ejecuta, entonces se registra usuario, fecha, valor anterior, valor nuevo y motivo
- Dado un registro de auditoria, cuando intento alterarlo, entonces la operacion se rechaza
- Dado un pedido, cuando consulto su bitacora, entonces veo sus intervenciones en orden cronologico

Definition of Done:
- Codigo con pruebas unitarias (cobertura minima 70%)
- Documentacion tecnica actualizada
- Revision con supervisor (Greivin) cuando aplique
- Merge a rama principal sin errores de CI

Origen en el SRS: RF-14 / RNF-06
MoSCoW: Should","High","Sprint 5","OE4-Persistencia","backend,auditoria","8h","mamayorga"
"Story","US-16 Exponer los pedidos y su detalle por API REST","Como frontend, quiero endpoints REST de listado y detalle de pedidos, para construir la grilla y la vista de detalle.

Criterios de aceptacion (Gherkin):
- Dado el endpoint de listado, cuando lo consulto con filtros y paginacion, entonces devuelve los pedidos con su estado calculado
- Dado el endpoint de detalle, cuando consulto un pedido, entonces devuelve datos maestros, rastreo, ultima posicion y desglose del calculo
- Dado un identificador inexistente, cuando lo consulto, entonces responde 404 con cuerpo de error descriptivo

Definition of Done:
- Codigo con pruebas unitarias (cobertura minima 70%)
- Documentacion tecnica actualizada
- Revision con supervisor (Greivin) cuando aplique
- Merge a rama principal sin errores de CI

Origen en el SRS: RF-04 / RF-05 (backend)
MoSCoW: Must","Highest","Sprint 5","OE2-Backend","backend,api-rest","10h","mamayorga"
"Story","US-17 Mantener credenciales, umbrales y frecuencias fuera del codigo","Como administrador, quiero configurar credenciales y umbrales sin tocar el codigo, para ajustar el sistema sin un nuevo despliegue.

Criterios de aceptacion (Gherkin):
- Dadas las credenciales de API, cuando reviso el repositorio, entonces no aparecen en el codigo fuente ni en el control de versiones
- Dado el umbral de 48 h, cuando lo modifico en la tabla de parametros, entonces el proximo recalculo lo aplica
- Dado un parametro ausente, cuando arranca el sistema, entonces falla de forma explicita indicando cual falta

Definition of Done:
- Codigo con pruebas unitarias (cobertura minima 70%)
- Documentacion tecnica actualizada
- Revision con supervisor (Greivin) cuando aplique
- Merge a rama principal sin errores de CI

Origen en el SRS: RF-24 / RNF-07 / RNF-15
MoSCoW: Should","High","Sprint 5","OE2-Backend","backend,configuracion","6h","mamayorga"
"Story","US-18 Registrar la recepcion en planta y cerrar el pedido","Como usuario de Logistica, quiero registrar la recepcion efectiva en planta, para que el pedido pase a Cerrado y deje de consumir cuota de API.

Criterios de aceptacion (Gherkin):
- Dada una cantidad recibida dentro del margen del 10%, cuando la registro, entonces el pedido transita a 'Cerrado' conforme a RN-10
- Dada una cantidad por debajo del margen, cuando la registro, entonces el pedido NO se cierra y se ofrece el cierre forzado
- Dado un pedido cerrado, cuando corre el planificador, entonces no se consulta contra las APIs externas
- Dado un pedido cerrado, cuando calculo los KPIs, entonces no computa entre los pedidos activos

Definition of Done:
- Codigo con pruebas unitarias (cobertura minima 70%)
- Documentacion tecnica actualizada
- Revision con supervisor (Greivin) cuando aplique
- Merge a rama principal sin errores de CI

Origen en el SRS: RF-25 / RN-10
MoSCoW: Should","High","Sprint 5","OE2-Backend","backend,manual,ciclo-vida","8h","mamayorga"
"Task","TASK-04 Publicar la documentacion OpenAPI del backend","Como desarrollador, quiero la documentacion OpenAPI generada automaticamente, para cumplir RNF-17 y facilitar el trabajo del frontend.

Criterios de aceptacion (Gherkin):
- Dado el backend en ejecucion, cuando accedo a /docs, entonces veo Swagger UI con todos los endpoints
- Dado un endpoint nuevo, cuando lo agrego, entonces aparece documentado sin escribir el esquema a mano

Definition of Done:
- Codigo con pruebas unitarias (cobertura minima 70%)
- Documentacion tecnica actualizada
- Revision con supervisor (Greivin) cuando aplique
- Merge a rama principal sin errores de CI

Origen en el SRS: RNF-17
MoSCoW: Should","High","Sprint 5","OE2-Backend","backend,documentacion","4h","mamayorga"
"Task","TASK-05 Andamiaje del frontend React con TypeScript, Vite y Tailwind","Como desarrollador, quiero el proyecto de frontend configurado, para empezar a construir vistas sobre una base estable.

Criterios de aceptacion (Gherkin):
- Dado el repositorio, cuando ejecuto el arranque de desarrollo, entonces la aplicacion carga sin errores de compilacion
- Dado el proyecto, cuando ejecuto las pruebas, entonces Vitest corre y reporta cobertura
- Dada la configuracion, cuando construyo para produccion, entonces genera el bundle sin advertencias bloqueantes

Definition of Done:
- Codigo con pruebas unitarias (cobertura minima 70%)
- Documentacion tecnica actualizada
- Revision con supervisor (Greivin) cuando aplique
- Merge a rama principal sin errores de CI

Origen en el SRS: RNF (stack 5.8)
MoSCoW: Must","Highest","Sprint 6","OE3-Frontend","frontend,fundacional","6h","mamayorga"
"Story","US-19 Listar los pedidos en transito en una grilla ordenable","Como usuario de Compras, quiero ver todos los pedidos en una grilla, para revisar el estado de mi cartera de un vistazo.

Criterios de aceptacion (Gherkin):
- Dado un conjunto de pedidos, cuando abro el dashboard, entonces veo OC, material, proveedor, via, destino, ETA, fecha proyectada, fecha comprometida y estado
- Dada la grilla, cuando ordeno por una columna, entonces los datos se reordenan sin recargar la pagina
- Dado un volumen de 200 pedidos, cuando cargo la vista, entonces se pagina y responde en menos de 3 segundos

Definition of Done:
- Codigo con pruebas unitarias (cobertura minima 70%)
- Documentacion tecnica actualizada
- Revision con supervisor (Greivin) cuando aplique
- Merge a rama principal sin errores de CI

Origen en el SRS: RF-04 / RNF-01
MoSCoW: Must","Highest","Sprint 6","OE3-Frontend","frontend,grilla","12h","mamayorga"
"Story","US-20 Consultar el detalle completo de un pedido","Como usuario de Logistica, quiero ver el detalle de un pedido con el desglose del calculo, para entender por que tiene el estado que tiene.

Criterios de aceptacion (Gherkin):
- Dado un pedido, cuando abro su detalle, entonces veo datos maestros, identificador de rastreo, ultima posicion y fecha de la ultima consulta exitosa
- Dado el detalle, cuando reviso el calculo, entonces veo ETA, lead time y ajuste manual que produjeron la fecha proyectada
- Dado un pedido sin identificador, cuando abro su detalle, entonces se indica que no es rastreable y se ofrece asociar uno

Definition of Done:
- Codigo con pruebas unitarias (cobertura minima 70%)
- Documentacion tecnica actualizada
- Revision con supervisor (Greivin) cuando aplique
- Merge a rama principal sin errores de CI

Origen en el SRS: RF-05 / CU-03
MoSCoW: Must","Highest","Sprint 6","OE3-Frontend","frontend,detalle","10h","mamayorga"
"Story","US-21 Filtrar el dashboard de forma transversal y coherente","Como usuario de Compras, quiero filtrar por OC, proveedor, material, via, estado y destino, para concentrarme en el subconjunto que me interesa.

Criterios de aceptacion (Gherkin):
- Dado un filtro aplicado, cuando se procesa, entonces la cinta de KPIs, la grilla y ambos mapas reflejan el mismo subconjunto
- Dada una combinacion sin resultados, cuando se aplica, entonces se muestra la vista vacia con la opcion de limpiar filtros
- Dado un filtro, cuando lo aplico, entonces la vista se actualiza en menos de 1 segundo y sin recarga completa

Definition of Done:
- Codigo con pruebas unitarias (cobertura minima 70%)
- Documentacion tecnica actualizada
- Revision con supervisor (Greivin) cuando aplique
- Merge a rama principal sin errores de CI

Origen en el SRS: RF-19 / CU-04 / RNF-02
MoSCoW: Must","Highest","Sprint 6","OE3-Frontend","frontend,filtros","12h","mamayorga"
"Story","US-22 Mostrar la cinta de indicadores KPI","Como gerencia de operaciones, quiero una cinta de indicadores agregados, para evaluar el desempeno de la cartera sin entrar al detalle.

Criterios de aceptacion (Gherkin):
- Dado un conjunto de pedidos, cuando cargo el dashboard, entonces veo pedidos activos, porcentaje a tiempo, en riesgo y retrasados, y lead time promedio
- Dado un filtro activo, cuando cambia, entonces los indicadores se recalculan sobre el subconjunto filtrado
- Dado un pedido en estado terminal, cuando calculo los KPIs, entonces no computa entre los activos

Definition of Done:
- Codigo con pruebas unitarias (cobertura minima 70%)
- Documentacion tecnica actualizada
- Revision con supervisor (Greivin) cuando aplique
- Merge a rama principal sin errores de CI

Origen en el SRS: RF-15
MoSCoW: Must","Highest","Sprint 6","OE3-Frontend","frontend,kpi","8h","mamayorga"
"Story","US-23 Indicar la frescura de los datos en el encabezado","Como usuario, quiero saber de cuando son los datos que estoy viendo, para juzgar si puedo confiar en ellos para decidir.

Criterios de aceptacion (Gherkin):
- Dado un ciclo de consulta ejecutado, cuando abro el dashboard, entonces el encabezado muestra la fecha y hora de la ultima actualizacion
- Dada una sincronizacion fallida, cuando ocurre, entonces el encabezado senala la incidencia y la antiguedad del ultimo dato valido

Definition of Done:
- Codigo con pruebas unitarias (cobertura minima 70%)
- Documentacion tecnica actualizada
- Revision con supervisor (Greivin) cuando aplique
- Merge a rama principal sin errores de CI

Origen en el SRS: RF-20 / RNF-12
MoSCoW: Should","High","Sprint 6","OE3-Frontend","frontend,ux","4h","mamayorga"
"Story","US-24 Aplicar el semaforo de estados de forma consistente","Como usuario sin formacion tecnica, quiero que el color signifique lo mismo en toda la interfaz, para interpretar el estado sin aprender convenciones.

Criterios de aceptacion (Gherkin):
- Dado un pedido en un estado, cuando lo veo en la grilla y en el mapa, entonces el color es el mismo en ambos
- Dados los siete estados de la seccion 7.2, cuando los represento, entonces cada uno usa el color que fija su regla de negocio
- Dada la paleta, cuando la reviso, entonces los colores mantienen contraste suficiente para lectura a distancia

Definition of Done:
- Codigo con pruebas unitarias (cobertura minima 70%)
- Documentacion tecnica actualizada
- Revision con supervisor (Greivin) cuando aplique
- Merge a rama principal sin errores de CI

Origen en el SRS: RNF-08 / RN-02 a RN-15
MoSCoW: Must","Highest","Sprint 6","OE3-Frontend","frontend,ux","4h","mamayorga"
"Story","US-25 Presentar el mapa interactivo maritimo con posiciones actuales","Como usuario de Logistica, quiero ver mis buques en un mapa, para ubicar geograficamente la carga y su estado.

Criterios de aceptacion (Gherkin):
- Dados pedidos maritimos con posicion, cuando abro el mapa, entonces cada buque aparece como marcador coloreado por estado
- Dado un filtro activo, cuando cambia, entonces el mapa muestra solo los buques del subconjunto
- Dada una nave sin lectura reciente, cuando la represento, entonces la diferencio visualmente e indico la antiguedad del dato
- Dadas varias naves proximas, cuando se solapan, entonces se agrupan y se despliegan al acercar la vista

Definition of Done:
- Codigo con pruebas unitarias (cobertura minima 70%)
- Documentacion tecnica actualizada
- Revision con supervisor (Greivin) cuando aplique
- Merge a rama principal sin errores de CI

Origen en el SRS: RF-16 / CU-07
MoSCoW: Must","Highest","Sprint 7","OE3-Frontend","frontend,mapas,leaflet","12h","mamayorga"
"Story","US-26 Presentar el mapa interactivo aereo separado del maritimo","Como usuario de Compras, quiero un mapa aereo independiente, para seguir los embarques por avion sin mezclarlos con los maritimos.

Criterios de aceptacion (Gherkin):
- Dados pedidos aereos con posicion, cuando abro el mapa aereo, entonces cada aeronave aparece con el mismo esquema de color por estado
- Dado un vuelo finalizado que ya no emite, cuando lo represento, entonces muestro la ultima posicion e indico que el vuelo concluyo
- Dada una aeronave fuera de cobertura ADS-B, cuando la represento, entonces conservo la ultima posicion valida y senalo su antiguedad

Definition of Done:
- Codigo con pruebas unitarias (cobertura minima 70%)
- Documentacion tecnica actualizada
- Revision con supervisor (Greivin) cuando aplique
- Merge a rama principal sin errores de CI

Origen en el SRS: RF-17 / CU-08
MoSCoW: Must","Highest","Sprint 7","OE3-Frontend","frontend,mapas,leaflet","8h","mamayorga"
"Story","US-27 Mostrar informacion emergente en los marcadores del mapa","Como usuario, quiero ver los datos del pedido al posarme sobre su marcador, para obtener contexto sin salir del mapa.

Criterios de aceptacion (Gherkin):
- Dado un marcador, cuando poso el cursor o lo selecciono, entonces veo OC, material, proveedor, ETA, fecha proyectada y estado
- Dado un marcador seleccionado, cuando lo activo, entonces puedo navegar al detalle del pedido

Definition of Done:
- Codigo con pruebas unitarias (cobertura minima 70%)
- Documentacion tecnica actualizada
- Revision con supervisor (Greivin) cuando aplique
- Merge a rama principal sin errores de CI

Origen en el SRS: RF-18 (Media en SRS)
MoSCoW: Could","Medium","Sprint 7","OE3-Frontend","frontend,mapas","6h","mamayorga"
"Story","US-28 Presentar la vista de proximos arribos","Como usuario de Planificacion, quiero ver los cinco arribos mas cercanos, para anticipar que llega esta semana.

Criterios de aceptacion (Gherkin):
- Dados pedidos con fecha proyectada, cuando abro la vista, entonces veo los cinco mas proximos dentro de los siguientes 7 dias
- Dado que hay menos de cinco en ese horizonte, cuando se completa la vista, entonces se rellena con los de peor cumplimiento dentro de 30 dias
- Dado un filtro activo, cuando cambia, entonces la vista responde al subconjunto filtrado

Definition of Done:
- Codigo con pruebas unitarias (cobertura minima 70%)
- Documentacion tecnica actualizada
- Revision con supervisor (Greivin) cuando aplique
- Merge a rama principal sin errores de CI

Origen en el SRS: RF-27
MoSCoW: Should","High","Sprint 7","OE3-Frontend","frontend,dashboard","8h","mamayorga"
"Story","US-29 Consultar el historial de tracking y dibujar el trayecto","Como usuario de Logistica, quiero ver el recorrido historico de un pedido, para reconstruir su viaje y auditar lo ocurrido.

Criterios de aceptacion (Gherkin):
- Dado un pedido con dos o mas posiciones, cuando abro su historial, entonces veo la secuencia cronologica en tabla y el trayecto sobre el mapa
- Dado un pedido con una sola posicion, cuando abro su historial, entonces se muestra el punto sin trazar trayecto
- Dado un registro del historial, cuando pido su detalle tecnico, entonces se muestra el payload original de la API

Definition of Done:
- Codigo con pruebas unitarias (cobertura minima 70%)
- Documentacion tecnica actualizada
- Revision con supervisor (Greivin) cuando aplique
- Merge a rama principal sin errores de CI

Origen en el SRS: RF-22 (Media en SRS) / CU-09
MoSCoW: Could","Medium","Sprint 7","OE3-Frontend","frontend,mapas,auditoria","10h","mamayorga"
"Story","US-30 Actualizar la nave asignada ante un transbordo","Como usuario de Logistica, quiero sustituir la nave de un pedido cuando hay transbordo, para seguir rastreandolo en el tramo vigente.

Criterios de aceptacion (Gherkin):
- Dado un pedido maritimo con nave, cuando registro la nueva nave, el puerto y la fecha, entonces el rastreo pasa a la nave nueva
- Dado el tramo anterior, cuando se cierra, entonces su historial de posiciones se conserva asociado a ese tramo
- Dadas varias lineas de OC que comparten la nave anterior, cuando aplico el transbordo, entonces puedo aplicarlo en bloque
- Dado un identificador desconocido por la fuente AIS, cuando lo registro, entonces se acepta y se advierte que no habra lectura hasta que la fuente lo reporte

Definition of Done:
- Codigo con pruebas unitarias (cobertura minima 70%)
- Documentacion tecnica actualizada
- Revision con supervisor (Greivin) cuando aplique
- Merge a rama principal sin errores de CI

Origen en el SRS: RF-26 / CU-10
MoSCoW: Should","High","Sprint 7","OE2-Backend","backend,manual,tracking","10h","mamayorga"
"Task","TASK-06 Pruebas de integracion extremo a extremo","Como desarrollador, quiero pruebas que recorran el flujo completo, para demostrar que el sistema opera de punta a punta.

Criterios de aceptacion (Gherkin):
- Dado un pedido semilla, cuando corre el flujo completo de ingesta, tracking, calculo y consulta, entonces el estado final es el esperado
- Dadas las reglas de calculo, cuando ejecuto su suite, entonces la cobertura de la seccion 7 del SRS supera el 70% conforme a RNF-18

Definition of Done:
- Codigo con pruebas unitarias (cobertura minima 70%)
- Documentacion tecnica actualizada
- Revision con supervisor (Greivin) cuando aplique
- Merge a rama principal sin errores de CI

Origen en el SRS: RNF-18 / Criterios seccion 10
MoSCoW: Must","Highest","Cierre","OE4-Persistencia","pruebas,cierre","12h","mamayorga"
"Task","TASK-07 Manual de instalacion local","Como tecnico del Centro de Competencias, quiero un manual de instalacion reproducible, para levantar el sistema en otro equipo.

Criterios de aceptacion (Gherkin):
- Dado un equipo limpio, cuando sigo el manual, entonces el sistema queda operativo sin consultar al autor
- Dado el manual, cuando lo reviso, entonces documenta la ejecucion nativa sin contenedores conforme a la seccion 9.3

Definition of Done:
- Codigo con pruebas unitarias (cobertura minima 70%)
- Documentacion tecnica actualizada
- Revision con supervisor (Greivin) cuando aplique
- Merge a rama principal sin errores de CI

Origen en el SRS: Criterios seccion 10
MoSCoW: Must","Highest","Cierre","OE4-Persistencia","documentacion,cierre","6h","mamayorga"
"Task","TASK-08 Manual de usuario del dashboard","Como usuario de Compras, quiero un manual de uso, para operar el dashboard sin capacitacion previa.

Criterios de aceptacion (Gherkin):
- Dado el manual, cuando lo sigo, entonces puedo filtrar, consultar detalle y confirmar un desembarco
- Dado el manual, cuando lo reviso, entonces esta integramente en espanol conforme a RNF-09

Definition of Done:
- Codigo con pruebas unitarias (cobertura minima 70%)
- Documentacion tecnica actualizada
- Revision con supervisor (Greivin) cuando aplique
- Merge a rama principal sin errores de CI

Origen en el SRS: RNF-10 / Criterios seccion 10
MoSCoW: Must","Highest","Cierre","OE4-Persistencia","documentacion,cierre","6h","mamayorga"
"Task","TASK-09 Guia de despliegue para produccion","Como tecnico del Centro de Competencias, quiero la guia de despliegue, para asumir la puesta en produccion tras la practica.

Criterios de aceptacion (Gherkin):
- Dada la guia, cuando la reviso, entonces documenta variables de entorno, dependencias y los artefactos de contenedor conservados
- Dada la guia, cuando la sigo, entonces identifico que queda fuera del alcance de la practica conforme a la seccion 1.2.2

Definition of Done:
- Codigo con pruebas unitarias (cobertura minima 70%)
- Documentacion tecnica actualizada
- Revision con supervisor (Greivin) cuando aplique
- Merge a rama principal sin errores de CI

Origen en el SRS: Criterios seccion 10
MoSCoW: Must","Highest","Cierre","OE4-Persistencia","documentacion,cierre","6h","mamayorga"
"Story","US-31 Cargar los pedidos en transito desde el archivo Z-tracking","Como usuario de Compras, quiero cargar el archivo Z-tracking en el sistema, para que los pedidos entren sin mantenerlos a mano y sin depender de que SAP exponga un servicio.

Criterios de aceptacion (Gherkin):
- Dado un archivo Z-tracking, cuando lo cargo, entonces los pedidos nuevos se insertan y los existentes se actualizan por OC y posicion
- Dado un pedido que ya no figura en el archivo, cuando cargo, entonces lo senalo para revision manual y NO lo elimino
- Dada una carga, cuando termina, entonces informo recibidos, insertados, actualizados y rechazados
- Dadas las hojas del archivo, cuando lo proceso, entonces solo tomo PRODUCCION e IDA (alcance del 03/09)
- Dadas las fechas en formato serial de Excel, cuando las leo, entonces las convierto a fecha ISO

Reemplaza la sincronizacion con el API de SAP, que pasa a evolucion futura. Decision del 03/09/2026: se formaliza la carga manual como RF-31 y se resuelve el riesgo R2.","Highest","Sprint 4","OE2-Backend","backend,ingesta,carga-manual","14h","mamayorga"
"Story","US-32 Validar y normalizar los datos del Z-tracking antes de persistirlos","Como sistema, quiero validar y normalizar cada registro, para que un dato malo no contamine la base ni aborte la carga completa.

Criterios de aceptacion (Gherkin):
- Dado un registro sin OC, posicion o material, cuando lo valido, entonces lo rechazo con su motivo y sigo con el resto del lote
- Dado 'USA' y 'ESTADOS UNIDOS', cuando normalizo, entonces ambos resuelven al mismo pais del maestro (TASK-29)
- Dado un valor no resoluble (PENDIENTE, N/A, fuera de catalogo), cuando lo proceso, entonces marco la linea para revision sin abortar el lote (RN-17)
- Dada la via de transporte con ruido (INDIA, AEREO/MARITIMO), cuando la normalizo, entonces resuelve a {Aereo, Maritimo, Terrestre} o a revision
- Dada una referencia de embarque presente, cuando la valido, entonces verifico su formato segun TASK-30
- Dada la carga, cuando termina, entonces queda un informe de validacion con cada rechazo y su clave de origen","Highest","Sprint 4","OE2-Backend","backend,ingesta,validacion,normalizacion","10h","mamayorga"
"Story","US-33 Habilitar el modo de visualizacion permanente en pantalla grande","Como usuario de planta, quiero una vista permanente en pantalla grande, para seguir el estado de los pedidos sin interactuar con el sistema.

Criterios de aceptacion (Gherkin):
- Dada la pantalla de planta, cuando se abre, entonces muestra la vista simple de US-43 (material, etapa y cumplimiento)
- Dada la vista, cuando pasa el tiempo, entonces se refresca sola sin recargar la pagina (RNF-02)
- Dada la sesion, cuando la pantalla queda desatendida, entonces se aplica la politica de inactividad de US-42

Desbloqueada el 03/09: la vista simple define que mostrar.","Medium","Sprint 7","OE3-Frontend","frontend,ux,pantalla-planta","6h","mamayorga"
"Task","TASK-10 Politica de retencion y submuestreo del historial de posiciones","Como desarrollador, quiero una politica de retencion del historial, para que su crecimiento no degrade la consulta de pedidos activos.

Criterios de aceptacion (Gherkin):
- Dado el historial creciendo, cuando aplico la politica, entonces la consulta de pedidos activos mantiene su tiempo de respuesta
- Dado el submuestreo configurado, cuando lo modifico, entonces cambia la granularidad persistida sin desplegar codigo

Definition of Done:
- Codigo con pruebas unitarias (cobertura minima 70%)
- Documentacion tecnica actualizada
- Revision con supervisor (Greivin) cuando aplique
- Merge a rama principal sin errores de CI

Origen en el SRS: RNF-22 / spike TG-10
MoSCoW: Could","Medium","Sprint 7","OE4-Persistencia","persistencia,rendimiento,opcional","8h","mamayorga"
"Task","TASK-11 Actualizar el SRS con los hallazgos de los spikes tecnicos","Como estudiante practicante, quiero el SRS actualizado con lo aprendido en los spikes, para que la especificacion refleje la realidad tecnica verificada.

Criterios de aceptacion (Gherkin):
- Dado el SRS v0.3, cuando lo reviso, entonces incorpora las reglas RN-05 revisada y RN-16, y la limitacion de cobertura AIS
- Dado el historial de revisiones, cuando lo consulto, entonces registra la version v0.3 con su fecha y descripcion

Definition of Done:
- Codigo con pruebas unitarias (cobertura minima 70%)
- Documentacion tecnica actualizada
- Revision con supervisor (Greivin) cuando aplique
- Merge a rama principal sin errores de CI

Origen en el SRS: Fase 6 de TG-18
MoSCoW: Must","Highest","Sprint 3","OE1-Analisis","documentacion,srs","6h","mamayorga"
"Task","TASK-28 Spike: cobertura de container tracking de pago en Moin y aereo en SJO","Como equipo, quiero medir la cobertura de container tracking de pago (Vizion, con Terminal49 / ShipsGo como alternativas) en Moin (CRMOB) y de una fuente aerea por AWB (Portcast / ShipsGo Air / TrackingMore) en SJO, para decidir si resuelven el tramo final y el punto ciego de AIS antes de comprometer la arquitectura de rastreo.

Criterios de aceptacion (Gherkin):
- Dado un BL/booking/contenedor real, cuando consulto el API, entonces obtengo eventos de milestone hasta el arribo a Moin, o se documenta la ausencia de cobertura
- Dado un MAWB real de India o China a SJO, cuando consulto el API aereo, entonces obtengo los hitos de carga (no la posicion de la aeronave); si el forwarder solo entrega HAWB, se documenta
- Dado el resultado, cuando lo registro, entonces queda evidencia en output/ y una recomendacion go/no-go y de costo, al estilo de TG-10 y TG-11

Revierte la decision abierta #3 / B1 (luz verde a fuentes de pago, 03/09/2026). Riesgo R1.","Highest","Sprint 3","OE2-Backend","backend,spike,tracking-pago,riesgo-externo","6h","mamayorga"
"Task","TASK-29 Maestro de paises y normalizacion de la ingesta","Como desarrollador, quiero un maestro de paises y una capa de normalizacion de pais, via, incoterm y temperatura, para que la carga (RF-02) convierta el texto libre sucio del Z-tracking en valores de dominio fiables.

Criterios de aceptacion (Gherkin):
- Dado el Z-tracking con 'USA' y 'ESTADOS UNIDOS', cuando lo cargo, entonces ambos resuelven al mismo pais del maestro (ISO)
- Dado un valor no reconocido (PENDIENTE, N/A, pais fuera del maestro), cuando lo cargo, entonces la linea se marca para revision sin abortar el lote
- Dado el campo via con ruido (INDIA, AEREO/MARITIMO), cuando lo normalizo, entonces resuelve a {Aereo, Maritimo, Terrestre} o a revision

Origen: muestra Z-tracking 03/09/2026.","Highest","Sprint 3","OE2-Backend","backend,ingesta,maestros,normalizacion","6h","mamayorga"
"Story","US-42 Autenticar usuarios con login, sesion y tres roles mas Administrador","Como usuario, quiero iniciar sesion con usuario y contrasena, para que el sistema me identifique, restrinja las operaciones segun mi rol y registre la autoria de mis intervenciones.

Criterios de aceptacion (Gherkin):
- Dadas credenciales validas, cuando entro, entonces se crea una sesion y auditoria_intervenciones.id_usuario se llena de la sesion, no de un selector manual (revisa B5)
- Dado mi rol (Compras, Logistica, Planificacion o Administrador), cuando opero, entonces solo el Administrador mantiene cuentas y solo los autorizados confirman/mantienen maestros (RNF-05)
- Dadas credenciales invalidas, cuando fallo, entonces el mensaje es generico y se cuenta el intento
- Dada la pantalla de planta, cuando pasa el tiempo de inactividad, entonces la sesion cierra

Sin SSO/Active Directory: mecanismo propio (RNF-05 ampliado). Revierte B9. Origen: reunion Logistica 03/09/2026.","Highest","Sprint 5","OE2-Backend","backend,autenticacion,seguridad","12h","mamayorga"
"Story","US-43 Ofrecer dos vistas de la grilla segun el rol: simple y completa","Como usuario, quiero que la grilla se ajuste a mi rol, para ver solo lo que me compete: una vista simple (Material, Etapa, Cumplimiento) o la vista completa.

Criterios de aceptacion (Gherkin):
- Dado un rol de Planificacion / pantalla de planta, cuando abro el dashboard, entonces la grilla muestra solo Material, Etapa y Cumplimiento
- Dado un rol de Compras o Logistica, cuando abro el dashboard, entonces la grilla muestra la actual mas deliveries, departures, ETD y ATD
- Dado que ETD/ATD no vienen del Z-tracking, cuando los muestro, entonces provienen del rastreo (US-08/US-11) o del container tracking (TASK-28) - fuente por confirmar

Origen: reunion Logistica 03/09/2026.","Highest","Sprint 6","OE3-Frontend","frontend,grilla,roles","10h","mamayorga"
"Story","US-44 Mostrar en el detalle el pais de origen y el mapa de seguimiento del pedido","Como usuario, quiero ver en el detalle el pais de origen del pedido y un mapa de seguimiento de ese envio en particular, para saber de donde viene y por donde va.

Criterios de aceptacion (Gherkin):
- Dado un pedido, cuando abro su detalle, entonces muestra el pais de origen normalizado (maestro de TASK-29)
- Dado un pedido con posicion, cuando abro su detalle, entonces muestra un mapa centrado en ese envio con su ultima posicion y, si existe, su trayecto (depende de US-29/RF-22)

Origen: reunion Logistica 03/09/2026.","High","Sprint 7","OE3-Frontend","frontend,detalle,mapa","8h","mamayorga"
"Task","TASK-30 Contrato de captura de la referencia de embarque","Como equipo, quiero definir por escrito que referencia se captura por envio, en que formato y quien la provee, para que Logistica la registre de forma utilizable y la carga pueda validarla. Es el prerrequisito de todo el rastreo: sin referencia ninguna API devuelve nada.

Criterios de aceptacion (Gherkin):
- Dado el documento, cuando lo reviso, entonces define los tipos admitidos: contenedor (ISO 6346, 4 letras + 7 digitos), BL master, booking y MAWB (11 digitos con prefijo de aerolinea)
- Dado el caso aereo, cuando lo documento, entonces deja explicito que el HAWB del agente de carga no resuelve y que hay que exigir el MAWB o su correspondencia
- Dado el incoterm, cuando lo documento, entonces indica quien posee la referencia: el agente de Gutis en EXW/FOB/FCA (56 OC) y el proveedor en CIF/CIP/CPT (71 OC)
- Dado el contrato, cuando se entrega, entonces Logistica puede anadir las columnas al Z-tracking y US-32 puede validar el formato

Origen: reunion con Logistica 03/09/2026. El Z-tracking no contiene ninguna referencia legible por maquina en sus 429 lineas.","Highest","Sprint 3","OE2-Backend","analisis,ingesta,referencia,prerrequisito","3h","mamayorga"
"Story","US-45 Integrar la fuente comercial de rastreo maritimo por contenedor o BL","Como sistema, quiero consultar la fuente comercial por contenedor o BL, para obtener los hitos y la posicion del envio sin depender del AIS gratuito.

Criterios de aceptacion (Gherkin):
- Dada una referencia maritima valida, cuando consulto la fuente, entonces obtengo los hitos normalizados y los mapeo a las etapas de RN-02 a RN-06
- Dada la respuesta, cuando la persisto, entonces guardo el payload original en historial_tracking (RF-21 / RNF-13)
- Dada una respuesta con buque, cuando la proceso, entonces relleno elementos_rastreados con nombre, IMO y MMSI
- Dado un envio con posicion, cuando la registro, entonces alimenta el mapa maritimo con su antiguedad (RF-20)
- Dada la fuente caida, cuando falla, entonces conservo la ultima lectura y senalo la antiguedad, sin degradar el dashboard (RF-09)

SOLO EN PLAN A: sujeta al resultado de TASK-28.","Highest","Sprint 4","OE2-Backend","backend,tracking,api-pago,plan-a","12h","mamayorga"
"Story","US-46 Integrar el rastreo aereo por guia aerea (MAWB)","Como sistema, quiero consultar los hitos de carga aerea por MAWB, para conocer el estado real del envio y no solo la posicion de la aeronave.

Criterios de aceptacion (Gherkin):
- Dado un MAWB valido, cuando consulto la fuente, entonces obtengo los hitos de carga y los mapeo a las etapas del semaforo
- Dados los hitos, cuando los proceso, entonces extraigo ETD y ATD para la vista completa de US-43
- Dado un envio partido en varias entregas, cuando lo rastreo, entonces la etapa refleja el estado de cada parte y no solo de la primera
- Dado un HAWB en vez de un MAWB, cuando la consulta no resuelve, entonces lo senalo para revision con un motivo claro
- Dada la via aerea, cuando la presento, entonces uso una linea de tiempo de hitos; la posicion de la aeronave es opcional y no bloquea

SOLO EN PLAN A: sujeta al resultado de TASK-28.","Highest","Sprint 4","OE2-Backend","backend,tracking,aereo,awb,plan-a","10h","mamayorga"
